feature,area,priority,original,clone,notes
Касса: приём заказа на кассе (54-ФЗ),POS,must,yes,partial,M1–M5: заказ «с собой» и со стола; оплата нал/карта/другое/смешанная; возвраты; фискализации нет (решение владельца) — чек пробивает текущая ККТ
Приложение официанта (заказ со стола),POS,must,yes,yes,M2: роль ОФИЦИАНТ — свои столы, на кухню, пречек, перенос; без оплаты и выручки; мобильная вёрстка
Модификаторы блюд,POS,must,yes,yes,M3: группы с мин/макс (обязательный выбор / лимит), надбавка ±, списание продукта добавки со склада; видны в чеке и на кухне
Стоп-лист (авто по остаткам склада),POS,must,yes,yes,M4: авто по годному остатку и утверждённой ТТК (с причиной — какого сырья не хватает), снятие после прихода; ручной стоп с причиной; блокировка в меню кассы; пересчёт каждые 15 мин при открытой смене
Столы/зал и статусы заказа,POS,should,yes,yes,M2: залы и столы, схема со статусами свободен/занят/пречек, официант, время, готовность кухни; обновление раз в 10 с
Списание продуктов по ТТК при продаже,Склад,must,yes,yes,M1: оплата → SALES → фоновое списание fulfillSaleByTtk_ (15 мин); ошибка → задача шеф-повару
Складской учёт: приход/остатки/FIFO,Склад,must,yes,yes,Warehouse.gs
Инвентаризация,Склад,must,yes,yes,Inventory.gs
Техкарты и себестоимость блюд,Склад,must,yes,yes,TTKCore.gs + FoodCost.gs
Закупки/заявки поставщикам,Склад,should,yes,yes,Purchasing.gs + Suppliers.gs
Отчёты по продажам и сотрудникам в реальном времени,Аналитика,must,yes,yes,M5: отчёт по сотрудникам (кто вёл заказ / кто принял деньги) и сменам за период; P&L/ABC — SalesAnalytics.gs
CRM гостей и программа лояльности,CRM,should,yes,no,
Чаевые по QR-коду,CRM,could,yes,no,нужен платёжный провайдер пользователя
QR-меню для гостей,Гости,should,yes,no,публичная страница меню из блюд ЦЕХ
Конструктор сайта доставки,Гости,could,yes,no,крупный блок; кандидат на позднюю очередь
AI-ассистент,Аналитика,could,yes,yes,AiCopilotStage24.gs / AiOrchestrator.gs
Смены кассира и закрытие смены,POS,must,yes,yes,M1: открытие с наличными; X-отчёт; закрытие со сверкой наличных
Журналы HACCP и контроль ККТ,HACCP,must,no,yes,есть в ЦЕХ; у Restik не найдено — это ваше преимущество
Маркировка и прослеживаемость партий,HACCP,must,no,yes,Labeling.gs + PpkTraceability.gs
Корректирующие действия CAPA и аудит,HACCP,should,no,yes,CapaStage37.gs
Фискальный реестр/лицензии Restik,—,skip,yes,skip,регистрация в реестре ПО и фискальные договоры принадлежат Restik
Партнёрские интеграции Restik (эквайринг/ОФД по их договорам),—,skip,yes,skip,подключаются заново по договорам пользователя
Очередь кухни (экран повара),POS,should,yes,yes,M2: заказы по столам, «Готово» по позиции, просрочка ≥20 мин выделена; без разделения по цехам
Возвраты (полный и по позициям),POS,must,yes,yes,M5: менеджер; способ возврата; сторно в SALES (выручка −; себестоимость остаётся — блюдо приготовлено); деньги из текущей смены
Итоги смены в «Экономику»,Аналитика,should,no,yes,M5: при закрытии смены — движение денег (CASH_TRANSACTIONS) по способам оплаты; у Restik не найдено
